description,dHealth,dStrength,dDexterity,dPerception,dIntelligence,dCharisma,dStamina
"<DM>You’re on horseback, riding through the open desert when you spot a dust storm in the distance. The winds are picking up, and the air feels charged with the storm’s fury.</DM>
<Player>I turn my horse toward a rocky outcropping, hoping to find shelter before the storm reaches me.</Player>
<DM>The storm hits quickly, but you manage to find cover. As the wind howls around you, you notice a group of figures riding toward the storm’s edge, seemingly unaffected by the chaos.</DM>",0,0,0,0,0,0,0
"<DM>You venture deeper into the dense forest, where the canopy above blocks out much of the light. Suddenly, you hear the snap of a twig followed by the rustle of movement. You brace yourself for whatever might emerge from the shadows.</DM>
<Player>I draw my weapon and prepare for an attack, keeping an eye out for anything that moves.</Player>
<DM>A large, shadowy figure emerges from the underbrush, its glowing eyes locking with yours. It seems like an unnatural predator, and its presence sends a chill down your spine.</DM>",0,0,0,0,0,0,0
"<DM>After a long day of traveling, you reach the edge of a serene, crystal-clear lake. The sun is setting, casting a golden glow over the water’s surface. You decide to take a brief rest and enjoy the calm atmosphere, taking in the peaceful surroundings.</DM>
<Player>I sit down by the water, taking a deep breath to relax and gather my thoughts.</Player>
<DM>The gentle breeze cools your skin as you relax, and for a moment, the worries of the journey seem far away. You feel refreshed and re-energized by the tranquil setting.</DM>",0,0,0,0,0,0,0.2
"<DM>You find yourself in a bustling marketplace, filled with vendors selling their wares. The air is thick with the scent of spices and the sound of haggling. You see a suspicious-looking figure lurking in the crowd, eyeing you closely.</DM>
<Player>I try to keep my distance from the figure, but remain alert in case something happens.</Player>
<DM>The figure continues to watch you, but doesn't approach. As you move on, you notice a small pouch of coins seems to have gone missing from your belt.</DM>",0,0,0,0,0,0,0
"<DM>After a long and arduous journey, you finally arrive at the gates of a grand city. The towering stone walls and busy streets seem overwhelming, yet you can’t help but feel a sense of excitement about the new opportunities that await within.</DM>
<Player>I take a deep breath, steady myself, and walk confidently through the gates, ready to begin a new chapter in my adventure.</Player>
<DM>As you step through, you’re greeted by the noise and energy of the city, and for a moment, it feels like anything is possible.</DM>",0,0,0,0,0,0.03,0
"<DM>As night falls, you stumble upon an ancient ruin half-buried in the earth. Strange markings cover the worn stones, and an eerie silence blankets the area. A faint, bluish light flickers from within.</DM>
<Player>I cautiously approach the light, keeping my senses sharp for any traps or hidden dangers.</Player>
<DM>As you move closer, you feel a chill run down your spine. The markings seem to pulse faintly, and you sense that stepping inside may reveal secrets long forgotten—or awaken something best left undisturbed.</DM>",0,0,0,0.1,0.05,0,0
"<DM>Wading through knee-deep marshland, you feel the wet ground pulling at your boots. The fog is thick, obscuring your view beyond a few feet. Suddenly, you hear the croak of a large creature nearby.</DM>
<Player>I grip my weapon tightly and try to move as quietly as possible toward the sound, ready for a possible ambush.</Player>
<DM>You spot a massive swamp beast lurking just ahead. Its eyes flash as it senses your approach, and the stagnant air grows heavier as it prepares to defend its territory.</DM>",0,0.05,0.01,0,0,0,0.05
"<DM>The tower's staircase spirals upward, winding through dark stone halls. At the top, you can hear the faint sound of voices and the clinking of chains.</DM>
 <Player>I attempt to lift the heavy door at the top of the stairs, straining my muscles as I push against it.</Player>
 <DM>With a grunt, the door groans and creaks open, revealing a room filled with prisoners and a figure standing before them, bound by chains.</DM>",0,0.02,0,0,0,0,0
"<DM>The village is quiet, too quiet. The crops are wilting, and the villagers' eyes seem haunted by some dark force that lurks nearby.</DM>
 <Player>I speak with the village elder to learn more about the source of the darkness that has plagued the town.</Player>
 <DM>The elder speaks of a cursed relic hidden deep in the nearby woods, its malevolent power slowly poisoning the land. They beg you to destroy it before it's too late.</DM>",0,0,0,0,0.05,0.01,0
"<DM>You walk through an old, creaky wooden door and into a forgotten library. Dust hangs in the air, and the shelves are packed with books that seem to whisper when you touch them. Your thoughts begin to blur as the strange whispers start to invade your mind.</DM>
 <Player>I try to focus on the books I'm reading and block out the whispers, reminding myself that they can't control me.</Player>
 <DM>The whispers grow louder, and every book seems to pull your attention away from your goal. The distractions cloud your thoughts, and your focus slips as doubt creeps in.</DM>",0,0,0,0,-0.05,0,0
"<DM>The mountain trail is steep, and the air grows thinner as you climb. The rocks beneath your feet are slick with moisture, making each step a challenge.</DM>
 <Player>I press on, carefully testing each step and using my strength to support myself as I ascend the mountain.</Player>
 <DM>Your persistence pays off, and after a long climb, you reach a plateau. The view is breathtaking, and you can see the path ahead leading toward a hidden temple.</DM>",0,0.05,0.05,0,0,0,0
"<DM>You enter a cavern deep underground, where the faint glow of your lantern reveals a maze of twisting paths. The shadows are alive, flickering with the light, and each bend in the tunnel only deepens the confusion in your mind.</DM>
 <Player>I hold my lantern steady and try to focus on the path in front of me, avoiding the flickering shadows that threaten to cloud my judgment.</Player>
 <DM>The flickering shadows warp your perception of the path, leaving you unsure of whether you've passed the same point before or are simply lost in the maze of stone walls.</DM>",0,0,0,-0.1,0,0,0
"<DM>The path before you is lit only by flickering torches. Shadows move along the walls, making it hard to tell whether they belong to you or something else. You hear a soft scraping sound ahead, like something dragging along the stone floor.</DM>
 <Player>I move cautiously, staying close to the wall and listening carefully to determine the source of the sound without revealing my position.</Player>
 <DM>The shadows shift unnaturally, and the scraping sound grows louder, throwing you off balance. The fear of being followed makes it hard to stay focused on your next move.</DM>",0,0,-0.05,-0.05,0,0,0
"<DM>While traveling through a desert, you come across a group of nomads known for their incredible dexterity and survival skills. They invite you to join them in their daily routines, teaching you how to move silently and swiftly across the sand.</DM>
 <Player>I spend time with the nomads, practicing the art of stealth, moving quickly without leaving a trace in the sand.</Player>
 <DM>After several weeks of training, you become more nimble and surefooted, your dexterity improving as you master the delicate balance between speed and silence in the harsh desert terrain.</DM>",0,0,0.2,0,0,0,0
"<DM>As you cross a rickety bridge over a deep chasm, a gust of wind picks up, causing the bridge to sway. The motion disorients you, and the view below is obscured by mist, making it impossible to judge how far down the drop truly is.</DM>
 <Player>I try to steady myself, gripping the ropes tightly and focusing on the next step forward, ignoring the dizziness that the wind causes.</Player>
 <DM>The swaying bridge throws off your sense of balance, and the mist below only deepens the feeling of vertigo. Each movement feels like a step into the unknown.</DM>",0,0,-0.05,-0.1,0,0,0
"<DM>You step onto a narrow ledge and feel it crack beneath your feet as the earth trembles under your weight.</DM>
 <Player>I try to jump off the ledge to land on a safer surface below.</Player>
 <DM>The ledge crumbles beneath you, and you twist your ankle when you land, causing sharp pain to shoot through your foot. </DM>",-0.5,-0.1,-0.1,0,0,0,0
"<DM>The royal court is bustling with activity as you enter, nobles speaking in hushed tones while the king holds court at the center.</DM>
 <Player>I approach the king with a confident yet respectful demeanor, ready to present my case to him.</Player>
 <DM>Your charisma commands attention as the king acknowledges your presence with a raised eyebrow. He gestures for you to speak, intrigued by your poise and confidence.</DM>",0,0,0,0,0,0.2,0
"<DM>The treacherous swamp bubbles beneath you, its murky depths hiding unseen dangers.</DM>
 <Player>I step cautiously, testing each footing before moving forward.</Player>
 <DM>You nearly avoid the danger, but a sharp pain shoots through your leg as something beneath the surface latches onto you before vanishing into the depths. </DM>",-0.1,-0.05,0,0,0,0,0
"<DM>The desert stretches out before you, the sun scorching overhead. The heat is oppressive, and the sand shifts underfoot, making travel slow.</DM>
 <Player>I continue forward, relying on my endurance to keep moving despite the overwhelming heat and fatigue.</Player>
 <DM>Your stamina is tested as you press on, but your determination sees you through. Eventually, you find an oasis, offering much-needed rest and water.</DM>",0.2,0,0,0,0,0,0.3
"<DM>A hidden archer looses an arrow from the trees, the projectile whistling toward you.</DM>
 <Player>I duck and roll, trying to minimize my exposure to the attack.</Player>
 <DM>You move quickly, but not fast enough-the arrow grazes your arm, leaving a deep gash that burns with pain. </DM>",-0.3,-0.01,-0.01,0,0,0,0
"<DM>The mist rolls in thick and fast, swallowing up the path ahead. The sound of distant thunder can be heard, signaling the approach of a storm.</DM>
 <Player>I push forward through the mist, relying on my sense of direction and the faintest sounds to guide me.</Player>
 <DM>Your keen perception allows you to navigate through the fog. You find shelter just as the storm begins, avoiding the worst of the weather.</DM>",0.1,0,0,0,0,0,0.1
"<DM>The road winds through a dark forest, the trees casting long shadows in the pale moonlight. You can hear the faint sound of a river, but it seems to be growing louder as you walk. Up ahead, a flickering light catches your eye.</DM>
 <Player>I move toward the light, hoping it's a source of safety.</Player>
 <DM>You approach cautiously and find a small campfire surrounded by travelers. They look at you with wary eyes, their faces shadowed in the flickering light. ""You're far from the main road,"" one of them says. ""What brings you here?""</DM>",0,0,0,0,0,0,0
"<DM>The small village is quiet, the streets empty except for the occasional passerby. The sun is just beginning to set.</DM>
 <Player>I approach a local, engaging them in conversation to learn more about the village and its history.</Player>
 <DM>Your charisma allows you to form a quick bond with the villager. They share tales of the village's founding and hint at some strange occurrences in the surrounding woods.</DM>",0,0,0,0.01,0.05,0,0
"<DM>The ship's sensors detect a nearby derelict vessel, seemingly abandoned but still transmitting a distress signal. Something doesn't add up.</DM>
 <Player>I approach the ship cautiously, scanning for any signs of life or hostile forces aboard.</Player>
 <DM>You board the ship, and it's eerily quiet inside. The distress signal is coming from the engineering bay, but the crew appears to have vanished. A strange force seems to linger in the air.</DM>",0,0,0,0,0,0,0
"<DM>The royal court is bustling with activity as you enter, nobles speaking in hushed tones while the king holds court at the center.</DM>
 <Player>I approach the king with a confident yet respectful demeanor, ready to present my case to him.</Player>
 <DM>Your charisma commands attention as the king acknowledges your presence with a raised eyebrow. He gestures for you to speak, intrigued by your poise and confidence.</DM>",0,0,0,0,0,0.08,0
"<DM>The roar of the beast is deafening as it charges toward you, its claws slashing at the air.</DM>
 <Player>I try to dodge the claws and get to a safer distance.</Player>
 <DM>You dodge, but the beast's swipe catches you across the chest, leaving deep gashes that sting and bleed as you stumble backward. </DM>",-0.5,-0.08,-0.1,0,0,0,0
"<DM>The dimly lit dungeon is filled with the scent of mildew and damp stone. The distant sound of chains rattling can be heard echoing in the halls.</DM>
 <Player>I cautiously proceed, relying on my perception to listen for any signs of movement or traps ahead.</Player>
 <DM>Your keen hearing picks up the faintest sound of a trap being triggered. You sidestep it just in time and continue deeper into the dungeon.</DM>",0,0,0.05,0.07,0,0,0
"<DM>You enter a cavern deep underground, where the faint glow of your lantern reveals a maze of twisting paths. The shadows are alive, flickering with the light, and each bend in the tunnel only deepens the confusion in your mind.</DM>
 <Player>I hold my lantern steady and try to focus on the path in front of me, avoiding the flickering shadows that threaten to cloud my judgment.</Player>
 <DM>The flickering shadows warp your perception of the path, leaving you unsure of whether you've passed the same point before or are simply lost in the maze of stone walls.</DM>",0,0,0,-0.05,0,0,0
"<DM>The vibrant colors of the coral reef shine through the clear water as you dive deeper, exploring the underwater caves. Fish of every color swim around you, but there's a strange sense of being watched. A faint glow can be seen in the distance.</DM>
 <Player>I swim toward the glow, careful to pace myself and not exhaust my breath too soon.</Player>
 <DM>As you get closer, you find a glowing pearl resting on a bed of coral. It pulses with an otherworldly energy, and the water around it seems to ripple with magic.</DM>",0,0,0,0,0,0,-0.01
"<DM>The spectral figure lets out a piercing wail, its presence sending a chill deep into your bones.</DM>
 <Player>I steel myself against the sound, refusing to succumb to fear.</Player>
 <DM>You stand your ground, but the unnatural force saps the warmth from your body, leaving you drained and shivering. </DM>",-0.1,0,0,0,0,0,-0.1
"<DM>The ancient library stretches in all directions, dusty tomes filling countless shelves that reach toward the vaulted ceiling.</DM>
 <Player>I draw upon my wisdom to recall information about this library's organization system, hoping to find the section containing texts on forbidden magic.</Player>
 <DM>Your knowledge serves you well. You remember reading that this library arranges books by the lunar calendar of their creation. Following this insight, you quickly locate the shadowy alcove housing the forbidden texts.</DM>",0,0,0,0,0.2,0,0
"<DM>The forest is eerily silent, but suddenly, you feel a sharp pain as you step onto a hidden bear trap.</DM>
 <Player>I try to free my foot as quickly as possible, hoping to avoid further injury.</Player>
 <DM>The trap snaps shut tightly, digging deep into your leg. You fight through the pain, but the damage is done as the blood begins to pool. </DM>",-0.4,-0.2,-0.3,0,0,0,0
"<DM>A mystical storm rages overhead, and the sky crackles with lightning. You've been chosen to face a trial set by the gods themselves.</DM>
 <Player>I raise my weapon and stand firm, ready to face whatever challenges the gods have placed before me.</Player>
 <DM>The storm intensifies, and from the clouds above, a figure descends. It's a godly being, its eyes burning with divine fury. The trial begins.</DM>",0,0,0,0,0,0,0
"<DM>A thick iron door blocks your path, its hinges rusted but solid.</DM>
 <Player>I press against it, adjusting my stance and focusing my strength on the weakest points.</Player>
 <DM>At first, the door barely moves, but as you refine your leverage and apply force more efficiently, it groans open inch by inch.</DM>",0,0.1,0,0,0,0,0
"<DM>The storm's fury rages around you as lightning strikes nearby, the shockwave rattling your bones and making the ground tremble.</DM>
 <Player>I try to take cover under a nearby rock outcrop to shield myself from the lightning strikes.</Player>
 <DM>The intense heat from the lightning singes your clothes as you crouch under cover, the force of the strike leaving you disoriented and with a painful burn on your skin. </DM>",-0.2,0,-0.1,0,-0.05,0,0
"<DM>Your crew is on a research mission to study a dying star. As the star collapses, dangerous solar flares begin to erupt.</DM>
 <Player>I initiate the emergency protocols and direct the ship to a safe distance, monitoring the star's behavior closely to avoid any catastrophic radiation bursts.</Player>
 <DM>The flares increase in intensity, and the radiation levels are off the charts. It's a race against time to get the crew to safety before the star collapses completely.</DM>",0,0,0,0,0.2,0,0
"<DM>The room you're in begins to feel smaller, the walls slowly closing in as if they are pushing in on you. The air grows thick, and your chest feels heavy as panic starts to set in.</DM>
 <Player>I fight the panic, focusing on my breathing and reminding myself that I can handle the situation and find a way out.</Player>
 <DM>The walls continue to close in, and the pressure intensifies. You start to question whether you'll be able to escape, and doubt clouds your thoughts as the space becomes increasingly claustrophobic.</DM>",0,0,-0.01,0,-0.05,-0.05,0
"<DM>The dark tower looms before you, its top disappearing into the clouds. A sinister wind blows from within, carrying the faint sounds of whispers.</DM>
 <Player>I step forward confidently, determined to enter the tower and uncover its mysteries, despite the ominous atmosphere.</Player>
 <DM>Your courage is unshaken as you step inside, the door creaking closed behind you. The whispers grow louder, but your resolve remains strong.</DM>",0,0,0,0,0,0.2,0
"<DM>The rushing river before you is wild and unpredictable, its currents strong. A series of slippery rocks provide a possible crossing, but it will take careful footwork to succeed.</DM>
 <Player>I attempt to cross the river by leaping from rock to rock, improving my Dexterity.</Player>
 <DM>Your movements are tested with each jump, but as you progress, your balance and precision improve. The once-daunting task becomes a fluid motion, your body learning the rhythm of the water's challenge.</DM>",0,0,0.2,0,0,0,0
"<DM>The ground beneath you is slick with moisture, and as you step forward, your foot slips slightly. The sound of dripping water echoes, and a faint, strange noise catches your attention. You can't tell whether it's coming from above or below.</DM>
 <Player>I steady myself and listen intently to the noise, trying to determine its source before moving further forward.</Player>
 <DM>The sound shifts unnaturally, making it hard to pinpoint its origin. Every step you take feels more uncertain as your mind races with the possibility of danger.</DM>",0,0,-0.05,-0.05,0,0,0
"<DM>The enchanted forest hums with an eerie energy as you approach a clearing. In the center, an ancient stone altar is surrounded by glowing runes.</DM>
 <Player>I carefully approach the altar, examining the runes for any signs of magical significance before I touch anything.</Player>
 <DM>The runes pulse with a faint light as you get closer. A soft whisper fills the air, warning you of the consequences of disturbing the altar.</DM>",0,0,0,0,0,0,0
"<DM>The town square is busy with merchants, townsfolk, and travelers going about their business. The mood is light and cheerful, with music drifting from a nearby tavern.</DM>
 <Player>I smile warmly at the passing crowd and strike up a conversation with a merchant, asking about the local happenings.</Player>
 <DM>The merchant greets you with a grin, and you quickly form a rapport. They share stories about the town and mention a hidden spot where rare items are sold.</DM>",0,0,0,0,0.01,0.08,0
"<DM>The icy river rushes before you, its current strong and relentless. Crossing will take more than just determination.</DM>
 <Player>I brace myself and wade in, focusing on maintaining control of my movements against the force of the water.</Player>
 <DM>At first, the cold shocks your limbs, and the current threatens to sweep you away, but with each careful step, you learn to navigate its pull. Soon, your footing grows surer, your body adapting to the challenge.</DM>",0,0,0.1,0,0,0,0.01
"<DM>The wind howls as you climb the treacherous mountain path, the air thin and cold at higher elevations.</DM>
 <Player>I push forward with my strength, focusing on each step to reach the summit despite the harsh weather conditions.</Player>
 <DM>Your body aches, but your strength drives you onward. After a grueling climb, you finally reach the peak, and the sight before you takes your breath away.</DM>",0.01,0.05,0,0,0,0,0.05
"<DM>The royal court is filled with nobles and dignitaries, all talking in hushed tones. At the far end of the hall, the king sits on his throne, observing everyone around him.</DM>
 <Player>I approach the throne with grace and composure, bowing respectfully as I address the king with words of diplomacy.</Player>
 <DM>The king raises an eyebrow, impressed by your confidence and eloquence. He nods approvingly and signals for you to come closer, asking for your counsel.</DM>",0,0,0,0,0,0.18,0
"<DM>At the bustling market, traders haggle over goods, each conversation a test of wit and persuasion.</DM>
 <Player>I engage in negotiations, observing their tactics and refining my own approach with each exchange.</Player>
 <DM>Your first attempts meet resistance, but as you listen, you learn to anticipate counteroffers, to read expressions, to craft arguments that leave little room for refusal. Soon, your voice carries weight in the market square.</DM>",0,0,0,0,0,0.19,0
"<DM>The forest is eerily silent, but suddenly, you feel a sharp pain as you step onto a hidden bear trap.</DM>
 <Player>I try to free my foot as quickly as possible, hoping to avoid further injury.</Player>
 <DM>The trap snaps shut tightly, digging deep into your leg. You fight through the pain, but the damage is done as the blood begins to pool. </DM>",-0.4,-0.1,-0.1,0,0,0,0
"<DM>A chilling wind howls through the abandoned castle as you step inside. The walls are lined with decaying tapestries, and the air is thick with dust. At the far end of the hall, a large door stands slightly ajar, its hinges creaking in the wind.</DM>
 <Player>I carefully push the door open, peeking inside to avoid alerting anyone to my presence.</Player>
 <DM>The door creaks loudly as you push it open, revealing a dimly lit chamber. The walls are covered in faded murals depicting long-forgotten kings and queens. In the center of the room lies a throne, but it is empty.</DM>",0,0,0,0,0,0,0
"<DM>As you traverse the rocky cliffs along the coast, a sudden storm picks up, filling the air with rain and wind. The lightning flickers in the distance, briefly illuminating the jagged rocks around you, but it's hard to see through the torrential downpour.</DM>
 <Player>I keep my head low and move carefully, trying to listen for the sound of the sea or any movement around me, but the storm's intensity makes it difficult to tell where I'm going.</Player>
 <DM>The rain falls heavily, and the wind howls. The storm seems to obscure everything, and every crack of thunder feels like it's shaking the very earth beneath your feet.</DM>",0,0,-0.01,-0.08,0,0,0
"<DM>You step into a narrow hallway with walls that seem to close in as you walk further. The space feels claustrophobic, and the air becomes thick with tension, making your mind swirl in uncertainty.</DM>
 <Player>I pause and take a deep breath, focusing on staying calm and reminding myself that I've faced tight spaces before.</Player>
 <DM>The air feels heavier with each step, and the longer you linger in the hallway, the more your confidence wanes. The pressure of the space seems to affect your focus.</DM>",0,0,0,-0.01,-0.01,-0.01,0
"<DM>You find yourself in a room full of mirrors, each reflecting a different version of yourself. The air is thick with a strange energy that makes the room feel alive.</DM>
 <Player>I examine the mirrors closely, trying to identify any subtle differences between the reflections that might hint at a deeper truth.</Player>
 <DM>The reflections shift and change, each showing a different possibility for your future. As you focus on one, the mirror begins to glow, revealing a hidden path behind it.</DM>",0,0,0,0,0,0,0
"<DM>Your ship orbits a massive gas giant, its swirling storms visible from space. A distress signal comes through from a nearby satellite.</DM>
 <Player>I lock onto the signal and set the ship on a course toward the satellite to investigate the source of the distress call.</Player>
 <DM>The satellite is drifting, damaged and barely operational. As you approach, you find the crew's last transmission, warning of an unknown entity lurking in the planet's atmosphere.</DM>",0,0,0,0,0,0,0
"<DM>A master blacksmith watches as you attempt to forge a blade, his eyes scrutinizing your every move.</DM>
 <Player>I carefully hammer the molten metal, adjusting my technique to create a stronger weapon.</Player>
 <DM>The first strikes are clumsy, the metal uneven, but with each correction, your hands become steadier. The rhythm of the hammer feels natural, and the steel hardens under your growing skill.</DM>",0,0,0.19,0,0,0,0.01
"<DM>The sky above you darkens, and a sudden gust of wind sends leaves swirling around you. The wind carries a strange, unfamiliar scent that seems to cloud your thoughts, and you feel disoriented.</DM>
 <Player>I close my eyes for a moment and try to center myself, breathing deeply to regain my focus despite the storm brewing around me.</Player>
 <DM>The wind doesn't subside, and with each gust, your thoughts grow murkier. The confusion clouds your mind, and your confidence begins to dwindle.</DM>",0,0,-0.05,-0.01,-0.01,-0.01,0
"<DM>A long stretch of open road lies ahead, the sun high overhead, and your supplies running low.</DM>
 <Player>I regulate my pace, focusing on efficient movement to conserve my energy for the long journey.</Player>
 <DM>The first miles take their toll, but as you adjust your breathing and stride, the effort becomes smoother, your endurance growing with each step.</DM>",-0.01,0.01,0.01,0,0,0,0.05
"<DM>As you cross a small river, you slip on the moss-covered rocks, falling awkwardly into the cold water below.</DM>
 <Player>I try to twist my body in midair to land on my back and avoid the impact of the water.</Player>
 <DM>You land hard, the water hitting you with force and causing a sharp pain in your shoulder as you crash into the rocks beneath. </DM>",-0.1,-0.01,-0.01,0,0,0,0
"<DM>You're walking through a narrow canyon when a boulder suddenly tumbles from above, striking your leg as you scramble to move out of the way.</DM>
 <Player>I try to leap to the side and avoid being crushed by the falling rock.</Player>
 <DM>You manage to move, but the boulder strikes your leg, causing a sharp pain and a deep bruise. </DM>",-0.1,-0.1,-0.03,0,0,0,0
"<DM>The cavern is massive, with stalactites hanging down like sharp teeth. The walls are slick with moisture, and the sound of dripping water echoes throughout.</DM>
 <Player>I attempt to scale the wall using the stalagmites as handholds, pulling myself up carefully to avoid slipping.</Player>
 <DM>Your grip is firm as you pull yourself up, each movement calculated. You manage to reach the top of the cavern safely, peering into the depths below.</DM>",0,0.05,0.05,0.01,0,0,0
"<DM>The air grows thicker as you enter a cavern filled with strange spores. The spores float in the air, creating a hazy mist that makes it difficult to see clearly. The world around you blurs, and it's hard to tell where you've been or where you're going.</DM>
 <Player>I move cautiously, focusing on any slight change in texture or sound to help guide me through the cavern.</Player>
 <DM>The spores cloud the air, making it difficult to breathe and further muddling your sense of sight. The path ahead is a mystery, and every step feels uncertain.</DM>",-0.01,0,-0.05,-0.15,-0.01,0,0
"<DM>The ship's sensors detect a nearby derelict vessel, seemingly abandoned but still transmitting a distress signal. Something doesn't add up.</DM>
 <Player>I approach the ship cautiously, scanning for any signs of life or hostile forces aboard.</Player>
 <DM>You board the ship, and it's eerily quiet inside. The distress signal is coming from the engineering bay, but the crew appears to have vanished. A strange force seems to linger in the air.</DM>",0,0,0,0,0,-0.01,0
"<DM>You find yourself at a crossroads, the dusty path stretching out before you in two directions. One leads to the mining town, the other to the mountains.</DM>
 <Player>I pause at the crossroads, considering my options carefully and trying to decide which route might offer the most opportunity or danger.</Player>
 <DM>You choose the path to the mining town, hoping to find work or trouble. As you ride through, you spot a familiar face-an old rival now working as a mine guard.</DM>",0,0,0,0,0,0,0
"<DM>A treacherous marsh spreads out before you, its ground shifting unpredictably with each step.</DM>
 <Player>I move carefully, testing the stability of each step and learning how to distribute my weight to avoid sinking.</Player>
 <DM>Your early missteps sink slightly into the muck, but as you refine your movements-learning which ground holds firm and how to shift swiftly-you traverse the marsh with increasing confidence.</DM>",0,0,0.05,0,0,0,0
"<DM>As you walk through the snow-covered tundra, the howling wind makes it difficult to hear anything beyond the rush of air. The snow is so thick it blurs your vision, and even the sun seems dimmed, adding to your confusion.</DM>
 <Player>I focus on the sound of my footsteps in the snow, using them as a guide to keep moving, though the wind makes it hard to be sure of my direction.</Player>
 <DM>The wind howls with increasing intensity, and the snow swirls around you. You can no longer trust your senses as the blizzard distorts the landscape and makes everything appear indistinct.</DM>",0,0,-0.05,-0.2,0,0,0
"<DM>You stand on the edge of a cliff, looking down at a sea of clouds below. The wind howls around you, and for a moment, you lose your sense of balance. It's as if the world itself is spinning around you.</DM>
 <Player>I take a steadying breath and focus on keeping my balance, slowly retreating from the edge to regain my composure.</Player>
 <DM>The spinning sensation intensifies as the wind presses against you. Your sense of equilibrium is thrown off, and you start to doubt whether you can maintain your balance in this chaotic environment.</DM>",0,0,-0.1,-0.1,0,0,0
"<DM>The mansion's doors creak open as you step inside, the sound echoing through the empty halls. The air smells of dust and neglect, but there's an eerie feeling in the atmosphere.</DM>
 <Player>I move through the mansion slowly, keeping an eye out for any signs of danger or hidden traps as I explore.</Player>
 <DM>Your attention to detail reveals a hidden trapdoor beneath a rug. You manage to avoid it, continuing your exploration of the mansion.</DM>",0,0,0,0.1,0.01,0,0
"<DM>The path through the forest becomes treacherous, the ground soft and slippery with moss and fallen leaves. The trees are close together, making it difficult to navigate.</DM>
 <Player>I use my strength to push through the underbrush, forcing my way past the thick trees and vines.</Player>
 <DM>Your muscles strain as you push aside the dense foliage, clearing a path for yourself. Eventually, you break free into a wider clearing.</DM>",0,0.05,0,0,0,0,0
"<DM>You stumble as you cross a narrow bridge, losing your footing as it begins to give way beneath you.</DM>
 <Player>I try to steady myself and grab onto the railing before I fall completely.</Player>
 <DM>Your grip slips, and you crash into the sharp rocks below, taking a painful hit to your side that leaves you winded. </DM>",-0.3,-0.1,-0.05,0,0,0,0
"<DM>You fall into a deep pit hidden beneath the forest floor, the jagged rocks at the bottom catching you off guard.</DM>
 <Player>I brace myself for impact, trying to roll as I hit the ground to minimize the damage.</Player>
 <DM>You hit the bottom hard, scraping your back and bruising your ribs as you struggle to catch your breath. </DM>",-0.3,0,0,0,0,0,0
"<DM>The royal banquet hall is filled with nobles, the sound of laughter and conversation echoing around the lavish room. The queen sits at the head of the table, observing her guests.</DM>
 <Player>I approach the queen with grace, bowing respectfully and engaging her in conversation about the recent events in the kingdom.</Player>
 <DM>The queen nods with a smile, impressed by your poise and tact. She invites you to sit beside her, sharing her thoughts on the kingdom's future.</DM>",0,0,0,0,0,0.05,0
"<DM>You enter a dark cave and feel the air become thick with tension. Strange whispers echo around you, though you can't tell where they're coming from. The voices grow louder, and your thoughts start to jumble together.</DM>
 <Player>I try to block out the whispers and focus on the path ahead, hoping to ignore the disorienting effect.</Player>
 <DM>The whispers become harder to ignore, and your sense of self begins to falter. Your confidence starts to slip away as your mind struggles to make sense of what's real.</DM>",0,0,0,-0.01,-0.05,-0.1,0
"<DM>As you approach a massive, ancient tree, the ground shakes beneath your feet, and the branches above you sway erratically, casting strange shadows. The sight feels disorienting, and you struggle to make sense of what's happening.</DM>
 <Player>I take a step back and focus on the tree's base, trying to steady my mind and ignore the overwhelming sensation around me.</Player>
 <DM>The tree's unsettling movement continues to unnerve you, and the more you try to focus, the less confident you feel about your next steps.</DM>",0,-0.01,-0.01,-0.05,-0.01,-0.01,0
"<DM>You're on a colony world, and tensions are rising as strange occurrences begin to happen-unexplained disappearances and mysterious messages from deep space.</DM>
 <Player>I investigate the colony's communications network, looking for clues that might explain the strange occurrences and uncover any hidden threats.</Player>
 <DM>You find encrypted messages hinting at a covert operation involving alien artifacts. As you dig deeper, the situation becomes more dangerous.</DM>",0,0,0,0,0.05,0,0
"<DM>As you approach a massive, ancient tree, the ground shakes beneath your feet, and the branches above you sway erratically, casting strange shadows. The sight feels disorienting, and you struggle to make sense of what's happening.</DM>
 <Player>I take a step back and focus on the tree's base, trying to steady my mind and ignore the overwhelming sensation around me.</Player>
 <DM>The tree's unsettling movement continues to unnerve you, and the more you try to focus, the less confident you feel about your next steps.</DM>",0,-0.01,-0.01,-0.05,-0.01,-0.01,0
"<DM>A grand feast is underway, and the room is filled with noble guests engaged in conversation.</DM>
 <Player>I join a nearby discussion, reading the social cues and adjusting my approach to fit in naturally.</Player>
 <DM>At first, the flow of conversation eludes you, but as you observe and respond with growing confidence, you find yourself seamlessly part of the exchange.</DM>",0,0,0,0,0,0.05,0
"<DM>The hot desert sun beats down on you as you cross the barren dunes. The sand stretches endlessly in every direction, and there's no sign of life. The air shimmers with heat, and your mouth is dry from thirst.</DM>
 <Player>I keep my head down and continue moving toward the distant oasis, trying to conserve my energy and stay hydrated as best as I can.</Player>
 <DM>As you press on, you spot the shimmer of an oasis in the distance. It seems like a mirage, but as you get closer, it becomes clearer, and you can see the edge of a lush, green pool of water.</DM>",0,0,0,0,0,0,0.3
"<DM>Your journey takes you to an ancient library hidden beneath the city. The shelves are lined with tomes of forbidden knowledge and forgotten lore.</DM>
 <Player>I begin searching the shelves for any texts that might contain the answers to the mysteries I've encountered so far.</Player>
 <DM>You find a dusty tome, its cover adorned with a strange symbol. As you open it, the pages seem to come alive, revealing secrets about a long-lost civilization.</DM>",0,0,0,0,0.05,0,0
"<DM>You enter a dark cave with only a single torch to light the way. The uneven walls seem to shift as the light flickers, and strange echoes play tricks on your senses, making it difficult to judge the true layout of the cave.</DM>
 <Player>I try to focus on the sound of my footsteps and the texture of the walls, moving carefully to avoid any sudden surprises.</Player>
 <DM>The flickering light distorts your sense of depth, and the sounds echo in unexpected ways, making it feel like the cave is shifting around you. Every movement feels tentative and uncertain.</DM>",0,0,-0.02,-0.1,0,0,0
"<DM>While traversing a narrow mountain path, loose rocks tumble beneath your feet. The trail winds dangerously close to a steep cliff, and the wind howls, threatening to throw you off balance.</DM>
<Player>I steady myself and carefully pick my way across the path, testing each foothold before committing my weight.</Player>
<DM>With patience and precision, you manage to navigate the treacherous path, though the strain leaves your muscles tense and your senses heightened.</DM>",0,0,0.1,0.1,0,0,0.05
"<DM>In the middle of a quiet village square, you notice a crowd gathered around a traveling bard performing a captivating tale. The villagers hang on every word, but you also sense underlying tension in the air.</DM>
<Player>I listen closely to the bard’s story while watching the villagers, trying to gauge the mood and see if something feels off.</Player>
<DM>As you observe, you realize the story holds veiled warnings about danger approaching the village, though most seem too entranced to notice the subtext.</DM>",0,0,0,0.1,0.05,0.05,0
"<DM>You enter a dimly lit tavern where patrons eye you warily. A burly man at the bar slams down his mug and challenges you to an arm-wrestling match in front of the entire room.</DM>
<Player>I accept the challenge and prepare to test my strength.</Player>
<DM>You lock arms, muscles straining as the crowd cheers. After a tense struggle, you manage to push his arm down, earning the respect of the onlookers.</DM>",0,0.15,0,0,0,0.1,0
"<DM>As you walk through a dark cavern, you notice faint glimmers on the walls—veins of precious minerals embedded in the rock.</DM>
<Player>I inspect the minerals more closely to assess their value and potential uses.</Player>
<DM>Upon closer inspection, you recognize the minerals as a rare ore prized by merchants and blacksmiths alike. Your knowledge may fetch a high price back in town.</DM>",0,0,0,0.05,0.1,0.05,0
"<DM>You come across a wounded traveler lying on the side of the road. Their breathing is shallow, and they weakly call out for help.</DM>
<Player>I kneel beside them and do what I can to treat their wounds.</Player>
<DM>Your quick thinking stabilizes the traveler’s condition. They thank you and share useful information about dangers ahead.</DM>",0,0,0,0.05,0.1,0.05,0
"<DM>Deep inside a ruined temple, you spot an ancient puzzle guarding a sealed door. The symbols are unfamiliar but intricate.</DM>
<Player>I take my time to study the symbols and attempt to solve the puzzle.</Player>
<DM>After careful analysis, you piece together the solution. The door creaks open, revealing a hidden chamber filled with relics.</DM>",0,0,0,0.05,0.15,0,0
"<DM>While patrolling a forest trail, you hear a cry for help echoing from deeper within the woods.</DM>
<Player>I sprint toward the sound, pushing through branches and undergrowth.</Player>
<DM>You find a trapped villager caught beneath a fallen tree. Your quick reflexes and stamina help you lift it enough for them to crawl out safely.</DM>",0,0.1,0.05,0,0,0,0.1
"<DM>On a foggy moor, you see a faint light bobbing in the distance. It moves like a will-o'-the-wisp, luring travelers into dangerous marshes.</DM>
<Player>I stay still and focus on discerning if the light is real or a trick.</Player>
<DM>Your sharp senses reveal that it’s leading toward unstable ground. By staying vigilant, you avoid a potential trap.</DM>",0,0,0,0.15,0.05,0,0
"<DM>During a town festival, a local noble approaches you and strikes up a conversation about your travels.</DM>
<Player>I engage the noble in friendly conversation, sharing amusing tales and listening to their stories.</Player>
<DM>The noble seems impressed by your charm and tales, offering you lodging and supplies for your next journey.</DM>",0,0,0,0,0.05,0.15,0
"<DM>While traversing a frozen tundra, your limbs grow heavy from the cold, and frostbite becomes a real threat.</DM>
<Player>I push forward through the biting wind, determined to find shelter before nightfall.</Player>
<DM>Enduring the harsh conditions, you eventually spot a cave and take refuge inside, saving yourself from the worst of the cold.</DM>",-0.1,0,0,0,0,0,0.15
"<DM>You notice a merchant arguing with a guard over an unfair toll at a city gate.</DM>
<Player>I step in and try to mediate the situation diplomatically.</Player>
<DM>Your calm demeanor and well-chosen words ease tensions. The guard relents, and the merchant gratefully hands you a token of appreciation.</DM>",0,0,0,0.05,0.05,0.15,0
"<DM>As you climb an ancient tower, loose stones crumble beneath your feet, threatening to send you plummeting.</DM>
<Player>I quickly shift my weight and search for a more secure foothold.</Player>
<DM>Your agility and instincts save you from a fall. With careful climbing, you safely reach the top, where a panoramic view of the land awaits.</DM>",0,0,0.15,0.1,0,0,0.05
"<DM>In a crumbling crypt, you stumble upon a rusted chest with an intricate lock. It looks fragile but complex.</DM>
<Player>I attempt to pick the lock using my tools, careful not to break the mechanism.</Player>
<DM>With delicate hands and patience, you manage to open the chest, revealing ancient artifacts inside.</DM>",0,0,0.1,0.05,0.1,0,0
"<DM>A group of bandits block your path on the road, demanding coin or blood.</DM>
<Player>I try to intimidate them with a commanding presence, hoping to avoid a fight.</Player>
<DM>Your imposing stance and sharp words cause them to reconsider, and they disperse grumbling.</DM>",0,0.1,0,0.05,0,0.1,0
"<DM>You find yourself in an enchanted glade where glowing berries grow from the trees.</DM>
<Player>I carefully examine and taste one of the berries.</Player>
<DM>The berry rejuvenates you, filling you with energy and vigor, but you sense it’s altering your metabolism slightly.</DM>",0.05,0,0,0,0,0,0.1
"<DM>In a bustling marketplace, a thief snatches a merchant’s coin purse and darts into the crowd.</DM>
<Player>I give chase through the crowded streets to catch the thief.</Player>
<DM>Your speed and nimbleness help you outmaneuver the crowd, and you apprehend the thief before they escape.</DM>",0,0,0.15,0.05,0,0,0.05
"<DM>While scouting an abandoned tower, you come across an ancient tome sealed with arcane symbols.</DM>
<Player>I attempt to decipher the magical symbols and break the seal.</Player>
<DM>With keen intellect and concentration, you unravel the spell, unlocking the knowledge hidden within.</DM>",0,0,0,0,0.15,0.05,0
"<DM>During your travels, you encounter a caravan stuck in the mud, unable to move forward.</DM>
<Player>I offer to help push the caravan free with the others.</Player>
<DM>Through sheer force and determination, you help dislodge the wheels, earning the gratitude of the caravaners.</DM>",0,0.15,0,0,0,0.05,0.05
"<DM>Inside a dark forest, you accidentally disturb a nest of venomous snakes that slither toward you aggressively.</DM>
<Player>I dodge and weave between the trees to escape the snakes.</Player>
<DM>Using your reflexes and agility, you manage to evade the snakes and make it to safety, but not without a scratch.</DM>",-0.05,0,0.15,0.05,0,0,0
"<DM>A rickety rope bridge sways violently as you attempt to cross a deep ravine.</DM>
<Player>I focus on my footing and move carefully across the bridge.</Player>
<DM>Your steady pace and focus allow you to cross safely, despite the treacherous winds and creaking ropes.</DM>",0,0,0.1,0.1,0,0,0.05
"<DM>A local scholar challenges you to a riddle contest during a town gathering.</DM>
<Player>I accept the challenge and try to solve their clever riddles.</Player>
<DM>Your sharp wit and problem-solving skills impress the crowd and win you a modest prize.</DM>",0,0,0,0,0.2,0.05,0
"<DM>At a noble’s feast, you notice subtle social cues between influential guests.</DM>
<Player>I engage with the nobles, reading their body language and adjusting my words accordingly.</Player>
<DM>Your keen perception and charm help you navigate the social dynamics, earning favor among the elite.</DM>",0,0,0,0.1,0.05,0.15,0
"<DM>You fall into a hidden pit trap in the forest, landing hard on jagged rocks below.</DM>
<Player>I try to climb out, ignoring the sharp pain in my side.</Player>
<DM>You make it out, but you’ve taken a nasty injury that leaves you feeling weaker and sore.</DM>",-0.2,-0.05,0,0,0,0,-0.1
"<DM>In an ancient ruin, you inhale a strange glowing mist that clouds your thoughts.</DM>
<Player>I try to shake off the disorientation and focus on my surroundings.</Player>
<DM>The mist lingers in your mind, dulling your senses and leaving you feeling slightly drained mentally.</DM>",0,0,0,-0.1,-0.15,0,0
"<DM>During a tense argument at a village council, you’re humiliated publicly by a rival.</DM>
<Player>I try to maintain composure despite the embarrassment.</Player>
<DM>The experience rattles your confidence, but you vow to learn from it.</DM>",0,0,0,0,0,-0.15,0
"<DM>While meditating by a sacred spring, you feel a surge of inner clarity and strength flow through you.</DM>
<Player>I focus on the energy and let it center me.</Player>
<DM>You feel your body and mind align, leaving you stronger and more alert.</DM>",0.05,0.1,0,0.1,0.1,0,0.05
"<DM>Chased by wolves through the woods, you trip over a tree root and twist your ankle.</DM>
<Player>I grit my teeth and push forward despite the injury.</Player>
<DM>The injury hampers your mobility, but your determination keeps you going.</DM>",-0.1,0,-0.1,0,0,0,-0.05
"<DM>Inside a forgotten temple, you touch an ancient relic that surges with dark magic.</DM>
<Player>I quickly pull my hand back and assess the damage.</Player>
<DM>Your hand is scorched, and the lingering curse saps some of your strength temporarily.</DM>",-0.1,-0.1,0,0,-0.05,0,0
"<DM>In a heated bar brawl, you take a solid punch to the gut but manage to land a hit back.</DM>
<Player>I try to end the fight quickly before things escalate.</Player>
<DM>You walk away battered but respected by the patrons who saw your bravery.</DM>",-0.1,0.1,0.05,0,0,0.05,-0.05
"<DM>While reading forbidden scrolls, you unlock hidden knowledge at the cost of a terrible headache.</DM>
<Player>I try to endure the headache and memorize what I can.</Player>
<DM>The strain sharpens your mind but leaves you physically drained.</DM>",-0.05,0,0,0,0.2,0,-0.05
"<DM>You share a heartfelt story at a campfire, forging a deep bond with your companions.</DM>
<Player>I open up about my past and listen to theirs in return.</Player>
<DM>The vulnerability strengthens your connections and confidence.</DM>",0,0,0,0.05,0,0.2,0
"<DM>While navigating a craggy mountain path, a sudden landslide forces you to scramble to safety.</DM>
<Player>I react quickly, trying to dodge the falling rocks.</Player>
<DM>You escape mostly unharmed, but your stamina takes a hit from the exertion.</DM>",-0.05,0,0.1,0.05,0,0,-0.1
"<DM>You drink from a tainted well, and your stomach churns as sickness takes hold.</DM>
<Player>I try to fight through the illness and keep moving.</Player>
<DM>The sickness weakens your body temporarily.</DM>",-0.15,-0.05,0,0,0,0,-0.1
"<DM>You come across an elderly sage who shares profound wisdom with you under a starlit sky.</DM>
<Player>I listen intently and thank the sage for their guidance.</Player>
<DM>You feel your mind expand with newfound insights.</DM>",0,0,0,0.1,0.2,0,0
"<DM>A swarm of biting insects attacks as you trudge through a swamp.</DM>
<Player>I try to swat them away and cover exposed skin.</Player>
<DM>The bites leave you irritated and drained.</DM>",-0.1,0,-0.05,-0.05,0,0,-0.05
"<DM>You rescue a stranded traveler who gratefully offers you a small charm in return.</DM>
<Player>I accept the charm and wish them well.</Player>
<DM>The charm seems to subtly enhance your presence.</DM>",0,0,0,0,0,0.15,0
"<DM>While sneaking through enemy territory, you twist your knee stepping into a hidden ditch.</DM>
<Player>I grit my teeth and continue the mission despite the pain.</Player>
<DM>Your injury slows you down, but your determination sharpens your awareness.</DM>",-0.1,0,-0.1,0.1,0,0,-0.05
"<DM>In a crowded tavern, you charm the barkeep and earn a free round of drinks.</DM>
<Player>I smile and mingle with the patrons.</Player>
<DM>Your charisma grows as you easily win people over tonight.</DM>",0,0,0,0,0,0.2,0
"<DM>You accidentally set off a trap in an ancient tomb, and darts fly at you from the walls.</DM>
<Player>I dive for cover and hope to avoid the worst of it.</Player>
<DM>One dart grazes you, but you evade the brunt of the trap.</DM>",-0.1,0,0.05,0,0,0,-0.05
"<DM>During a moonlit ritual, you feel empowered by the surrounding magical energy.</DM>
<Player>I focus on channeling the energy into my body.</Player>
<DM>Your physical strength surges for a short time afterward.</DM>",0.05,0.2,0,0,0,0,0.05
"<DM>You come across an abandoned library filled with rare tomes.</DM>
<Player>I spend hours reading, soaking up as much knowledge as I can.</Player>
<DM>Your intellect sharpens, but the long hours leave you exhausted.</DM>",-0.05,0,0,0,0.25,0,-0.05
"<DM>You help an injured villager repair their broken cart, earning their gratitude and some good exercise.</DM>
<Player>I assist them, taking my time to do it right.</Player>
<DM>You feel stronger and more respected afterward.</DM>",0,0.1,0,0,0,0.1,0.05
"<DM>While crossing a rocky path, you slip and scrape your arm on the jagged rocks.</DM>
<Player>I quickly patch up the wound and continue onward.</Player>
<DM>The wound stings, but you're able to keep moving despite the minor injury.</DM>",-0.05,0,0,0,0,0,-0.05
"<DM>You meet a wandering minstrel who offers to sing a song for you in exchange for food.</DM>
<Player>I gladly share my meal and listen to the song.</Player>
<DM>The melody fills your soul, and your charisma subtly grows from the experience.</DM>",0,0,0,0,0,0.1,0
"<DM>As you explore an abandoned dungeon, you trip on a hidden wire and fall flat on your face.</DM>
<Player>I try to get up quickly, hoping no one saw me fall.</Player>
<DM>You feel slightly embarrassed, but the fall didn't cause any lasting injury.</DM>",-0.05,0,-0.1,0,0,-0.05,-0.1
"<DM>You’re caught in a powerful gust of wind and nearly blown off a cliff’s edge.</DM>
<Player>I scramble to grab hold of something stable.</Player>
<DM>You manage to cling to the rocks, but the experience leaves you shaken and more cautious.</DM>",-0.05,0,0.1,0.1,0,0,-0.05
"<DM>You witness a spectacular sunrise over a mountain range, and a sense of peace fills your heart.</DM>
<Player>I take a deep breath and appreciate the beauty of the moment.</Player>
<DM>Your perception of the world feels clearer, and your resilience increases.</DM>",0,0,0,0.1,0,0,0.05
"<DM>You encounter a band of thieves who challenge you to a fight.</DM>
<Player>I prepare to defend myself with everything I’ve got.</Player>
<DM>The fight is brutal, but you come out victorious, earning respect and a boost to your strength.</DM>",-0.2,0.2,0,0,0,0,-0.1
"<DM>You are given a magical potion by a strange alchemist that enhances your mind.</DM>
<Player>I drink the potion carefully and wait for the effects.</Player>
<DM>Your intelligence surges, though a slight dizziness follows as your brain races with new ideas.</DM>",0,0,0,0,0.3,0,-0.1
"<DM>You decide to help a wounded soldier, offering them first aid despite the risk of being caught by the enemy.</DM>
<Player>I tend to their wounds as quickly as I can.</Player>
<DM>Your actions earn you a new sense of honor, though you feel mentally drained afterward.</DM>",-0.1,0,0,0.05,0,0.1,-0.05
"<DM>A strange illness spreads through the town, and you fall victim to its effects.</DM>
<Player>I rest and try to recover as quickly as possible, hoping to get back on my feet.</Player>
<DM>The sickness weakens you physically, and you struggle to maintain focus.</DM>",-0.2,-0.1,0,0,-0.05,0,-0.2
"<DM>You successfully complete a difficult puzzle that had stumped others for days.</DM>
<Player>I smile in satisfaction, feeling a sense of accomplishment.</Player>
<DM>Your intellect sharpens from the success, and your stamina feels renewed.</DM>",0,0,0,0,0.2,0,0.1
"<DM>You attempt to cross a narrow bridge over a rushing river. Halfway across, the bridge begins to creak and sway.</DM>
<Player>I try to move quickly but carefully, keeping my balance.</Player>
<DM>You make it across safely, but your nerves are rattled by the experience.</DM>",-0.1,0,0,0.1,0,0,-0.05
"<DM>You encounter an ancient artifact glowing with magical energy. The moment you touch it, a surge of power floods through your body.</DM>
<Player>I brace myself for the effects of the artifact's magic.</Player>
<DM>Your strength increases, but you feel a bit more reckless as a result.</DM>",0,0.2,0,0,0,-0.05,0
"<DM>As you make your way through a dense thicket, you accidentally step on a sharp thorn. It punctures your boot and hurts your foot.</DM>
<Player>I quickly examine the injury and try to relieve the pain.</Player>
<DM>Your foot is injured, and you can feel the strain on your stamina as you continue walking.</DM>",-0.1,0,0,0,0,0,-0.15
"<DM>You come across a wounded animal in the woods. It looks up at you, seemingly trusting you to help it.</DM>
<Player>I approach carefully and offer assistance to the creature.</Player>
<DM>Your empathy grows as you tend to the animal, and you feel a bit more charismatic afterward.</DM>",0,0,0,0.1,0,0.1,0
"<DM>You challenge a fellow adventurer to a sparring match, eager to test your skills.</DM>
<Player>I fight with everything I've got, using all my tactics and speed.</Player>
<DM>You emerge victorious, your dexterity improving as a result of the intense battle.</DM>",0,0,0.2,0,0,0,-0.05
"<DM>During a fierce storm, you seek shelter in an abandoned cabin. You notice a strange, unsettling noise coming from the attic.</DM>
<Player>I cautiously investigate the source of the noise, staying alert.</Player>
<DM>You find nothing but dust, though the experience sharpens your perception of the environment.</DM>",0,0,0,0.2,0,0,0
"<DM>After a grueling battle with a powerful foe, you feel drained but victorious.</DM>
<Player>I rest for a while to regain my strength before moving on.</Player>
<DM>Your stamina is low, but your strength has grown from the battle.</DM>",-0.1,0.1,0,0,0,0,-0.1
"<DM>You stumble upon an ancient library filled with dusty tomes. The books seem to call to you, eager to share their knowledge.</DM>
<Player>I start reading a few of the texts, absorbing as much information as I can.</Player>
<DM>Your intelligence grows as you dive deeper into the ancient lore.</DM>",0,0,0,0,0.2,0,0
"<DM>You overhear a heated argument between two strangers in a tavern. One of them challenges you to a duel.</DM>
<Player>I try to defuse the situation by using my charisma to talk them down.</Player>
<DM>Your attempt is successful, and the tension eases. Your charisma increases as a result.</DM>",0,0,0,0,0,0.1,0
"<DM>You discover a hidden cave, and as you step inside, the air becomes thick with an eerie silence.</DM>
<Player>I move cautiously through the cave, wary of any danger lurking within.</Player>
<DM>The oppressive silence and dim light leave you feeling mentally drained, but you remain cautious and vigilant.</DM>",0,0,0,0.1,-0.1,0,-0.05
"<DM>You are caught in a surprise trap as the ground beneath you gives way, dropping you into a pit filled with spikes.</DM>
<Player>I try to roll to absorb the impact and minimize injury.</Player>
<DM>You take some damage from the fall, but you manage to avoid the worst of it.</DM>",-0.2,0,0,0,0,0,-0.1
"<DM>You try to sneak past a group of enemies, staying low to the ground to avoid detection.</DM>
<Player>I move quietly, carefully watching for any signs of alertness.</Player>
<DM>You succeed in evading their notice, and your dexterity is sharpened by the close call.</DM>",0,0,0.1,0,0,0,0
"<DM>You drink from a well that promises to grant knowledge but feel a strange sensation in your mind afterward.</DM>
<Player>I focus, trying to understand the visions flooding my thoughts.</Player>
<DM>Your intelligence increases, but you feel mentally exhausted afterward.</DM>",0,0,0,0.2,0.3,0,-0.1
"<DM>After a long chase through the wilderness, you finally catch your quarry. The adrenaline leaves you breathless.</DM>
<Player>I rest for a moment and catch my breath, still wary of any further threats.</Player>
<DM>Your stamina is depleted, but your perception of the environment is heightened from the chase.</DM>",-0.1,0,0,0.2,0,0,-0.15
"<DM>In the middle of a forest, you find a hidden grove full of flowers that seem to radiate a calming aura.</DM>
<Player>I sit down and take a deep breath, letting the calmness wash over me.</Player>
<DM>You feel your charisma grow as the peace of the grove brings a sense of inner strength.</DM>",0,0,0,0,0,0.2,0
"<DM>You find a magical relic that enhances your strength when wielded, but it comes with a cost: it drains your energy with each use.</DM>
<Player>I decide to use the relic sparingly, making sure I don’t overexert myself.</Player>
<DM>Your strength grows, but your stamina starts to drop with each use of the relic.</DM>",0,0.2,0,0,0,0,-0.1
"<DM>You have a heart-to-heart conversation with a stranger, where they open up about their personal struggles.</DM>
<Player>I listen carefully and offer some comforting words in return.</Player>
<DM>Your charisma increases, and you feel a sense of connection with the stranger.</DM>",0,0,0,0,0,0.1,0
"<DM>As you cross a river, the current suddenly picks up, and you're swept downstream.</DM>
<Player>I try to swim against the current, using all my strength to stay afloat.</Player>
<DM>You manage to find solid ground, but the experience takes a toll on your stamina.</DM>",-0.1,0,0,0,0,0,-0.2
"<DM>While resting in a cave, you hear a low growl from the shadows. You instinctively draw your weapon.</DM>
<Player>I prepare for a fight, staying on high alert for any movement.</Player>
<DM>Your perception sharpens, and you’re ready for whatever may emerge from the dark.</DM>",0,0,0,0.2,0,0,0
"<DM>You're invited to a feast in a grand hall, where the atmosphere is filled with laughter and music.</DM>
<Player>I participate in the conversation, trying to make a positive impression.</Player>
<DM>Your charisma grows as you successfully mingle and enjoy the social event.</DM>",0,0,0,0,0,0.1,0
"<DM>A group of travelers sits around a dimly lit tavern, their laughter filling the air. One of them gestures for you to share a tale.</DM>
 <Player>I take a deep breath and begin telling a story, choosing my words carefully to hold their attention.</Player>
 <DM>At first, they listen politely, but as you adjust your tone, add suspense, and engage with their reactions, the room grows quiet. By the end, they hang on your every word, enraptured by your tale.</DM>",0,0,0,0,0,0.5,0
"<DM>The darkness of the cave envelops you completely as you venture deeper inside. The only light is from a small, flickering lantern in your hand, but it barely reaches past your feet, and every shadow seems to move in the corners of your vision.</DM>
 <Player>I focus on the sounds around me, trying to listen for any changes in the air or movement that might lead me toward a safer path.</Player>
 <DM>The sound of your footsteps echoes off the walls, making it hard to distinguish any other noises. The darkness grows thicker, and the shadows seem to stretch unnaturally, confusing your senses.</DM>",0,0,0,-0.2,0,0,0
"<DM>The sky above you darkens, and a sudden gust of wind sends leaves swirling around you. The wind carries a strange, unfamiliar scent that seems to cloud your thoughts, and you feel disoriented.</DM>
 <Player>I close my eyes for a moment and try to center myself, breathing deeply to regain my focus despite the storm brewing around me.</Player>
 <DM>The wind doesn't subside, and with each gust, your thoughts grow murkier. The confusion clouds your mind, and your confidence begins to dwindle.</DM>",0,0,0.5,0,0,0,0
"<DM>The desert stretches endlessly before you, and a lone cactus stands tall, casting a long shadow as the sun begins to dip below the horizon.</DM>
 <Player>I approach the cactus, cautiously inspecting it for any unusual markings or hidden compartments.</Player>
 <DM>Your careful examination reveals an odd symbol carved into the base. When touched, it releases a faint glow and a hidden passage opens in the sand.</DM>",0,0,0,0,0.01,0,0
"<DM>You open an ancient tome, and the words seem to shift and change before your eyes. The once-clear text now appears to be in a different language, making it impossible to focus.</DM>
 <Player>I try to concentrate harder, hoping the text will stabilize and I can make sense of it.</Player>
 <DM,The more you focus, the more your thoughts seem to scatter, and your confidence in your abilities starts to waver as the words become even more confusing. </DM>",0,0,0,-0.1,-0.1,0,0
"<DM>You enter a darkened room filled with thick cobwebs. The room smells musty, and your vision is impaired by the webs clinging to your face. The only light is a faint glow from a distant corner, but it does little to clarify the surroundings.</DM>
 <Player>I push the webs aside and inch closer to the light, trying to keep my mind focused on where I'm stepping and the texture of the room around me.</Player>
 <DM>The webs blur your vision, and the dim glow only makes everything feel more ambiguous. Every step feels cautious, unsure of where you're headed next.</DM>",0,0,-0.1,-0.1,-0.1,0,0
"<DM>The grand hall is adorned with tapestries depicting the kingdom's history. The king sits at his throne, flanked by his guards. You can feel the tension in the air as he observes those who approach.</DM>
 <Player>I step forward confidently, offering a respectful greeting as I stand before the king, maintaining strong eye contact.</Player>
 <DM>The king's eyes narrow, but he smiles slightly, recognizing your boldness. ""You have courage,"" he says, motioning for you to approach the throne.</DM>",0,0,0,0,0,0.2,0
"<DM>A thunderstorm rolls in over the plains, and the wind howls as you take shelter under the roof of an old barn. The sound of hooves reaches your ears, and you realize someone's approaching.</DM>
 <Player>I quietly peer out from behind the barn's door, watching for any sign of who's riding through the storm.</Player>
 <DM>A stranger rides up and dismounts, looking worn and weary from travel. He seems to be in desperate need of assistance, but something about him seems off.</DM>",0,0,0,0,0,0,0
"<DM>The dense fog rolls in as you step onto the rocky cliffside, the distant glow of a lighthouse guiding your way. The air is damp, and the sound of waves crashing against the rocks below echoes in the mist. There's a small cave entrance ahead.</DM>
 <Player>I take a deep breath and move toward the cave, trying to steady my steps on the slippery rocks.</Player>
 <DM>You enter the cave, the sound of the ocean fading behind you. Inside, the air is still, and the only light comes from the faint glow of bioluminescent moss along the walls. It feels strangely quiet, almost unnatural.</DM>",0,0,0,0,0,0,0
"<DM>The sound of footsteps ahead makes you pause, but when you peer into the shadows, you can't see anyone. The strange noises around you leave you questioning whether you're alone or not.</DM>
 <Player>I continue cautiously, trying to listen carefully for any signs of movement and reminding myself to stay alert and focused.</Player>
 <DM>The footsteps continue to echo, but each time you turn to look, no one is there. The eerie silence between the sounds makes you feel unsure of what's real, and your confidence begins to fade.</DM>",0,0,0,-0.3,0,-0.1,0
"<DM>The dense fog has settled in the valley, and your vision is limited to only a few feet ahead. You can feel the pressure in the air, like something is watching you.</DM>
 <Player>I rely on my perception to sense any movement around me, trying to detect any hidden threats before they can strike.</Player>
 <DM>Your senses sharpen, and you catch the faintest movement in the fog ahead. You sidestep just in time as a creature lunges at you from the mist.</DM>",0,0,0.2,0.3,0,0,0
"<DM>You find a secluded glade, where a skilled acrobat offers to train you in the art of movement. He promises that if you stick to the rigorous training regimen, you'll greatly improve your dexterity and agility.</DM>
 <Player>I agree to train with the acrobat, performing flips, rolls, and tightrope walks to enhance my agility.</Player>
 <DM>Over weeks of practice, your body grows more flexible, your movements more fluid. The acrobat's teachings refine your dexterity as you learn to balance, twist, and maneuver with ease, improving your agility and coordination with every practice session.</DM>",0,0,0.5,0,0,0,0
"<DM>The vibrant colors of the coral reef shine through the clear water as you dive deeper, exploring the underwater caves. Fish of every color swim around you, but there's a strange sense of being watched. A faint glow can be seen in the distance.</DM>
 <Player>I swim toward the glow, curious about its source.</Player>
 <DM>As you get closer, you find a glowing pearl resting on a bed of coral. It pulses with an otherworldly energy, and the water around it seems to ripple with magic.</DM>",0,0,0,0,0,0,-0.1
"<DM>The dark castle towers above you, its stone walls covered in ivy. The gate is heavily guarded, and the sound of distant laughter echoes through the air.</DM>
 <Player>I walk up to the gate confidently, speaking to the guards with charm and attempting to gain entry under the guise of a traveler.</Player>
 <DM>Your smooth words and charm convince the guards to let you pass. They wish you well on your travels as you enter the castle grounds undetected.</DM>",0,0,0,0,0,0.2,0
"<DM>Your ship approaches the edge of the known galaxy, where stars fade into the darkness. A strange energy source has been detected in this uncharted region.</DM>
 <Player>I increase the ship's speed and focus on tracing the energy signal, preparing for whatever anomaly lies ahead.</Player>
 <DM>The signal grows stronger, and you come across a massive energy structure-something ancient and beyond your understanding. Your ship's systems struggle to cope with the unknown force.</DM>",0,0,0,0,-0.1,-0.1,0
"<DM>A cold breeze cuts through the open valley as you climb the narrow mountain path. The summit is barely visible in the distance, but the path is winding and treacherous. A lone figure stands at the top of a ridge, watching you silently.</DM>
 <Player>I decide to keep a steady pace and climb, gripping the rocky outcroppings to support my weight.</Player>
 <DM>The figure doesn't move, but as you draw closer, they finally speak. ""You're brave to come this far. But are you prepared for what's to come?"" The question hangs in the air, heavy with meaning.</DM>",0,0,0,0,0,0,0
"<DM>The icy wind cuts through your clothes as you trudge through a snow-covered mountain pass. The path ahead is narrow and treacherous, with jagged rocks lining the edges. A sudden gust nearly knocks you off balance.</DM>
<Player>I brace myself against the wind and carefully press forward, making sure each step is secure on the slippery ground.</Player>
<DM>Your cautious steps keep you from falling, but the bitter cold saps your strength and endurance. You feel your muscles growing tired as the chill sets deeper into your bones.</DM>",-0.05,0,0,0.05,0,0,-0.05
"<DM>In the dead of night, you sneak into a heavily guarded fortress. The walls are high and patrolled by vigilant sentries.</DM>
<Player>I crouch low and move silently along the shadows, avoiding the torchlight as best as I can.</Player>
<DM>Your movements are swift and quiet, and you manage to slip past the guards. But your nerves are frayed, and each step takes a toll on your focus.</DM>",0,0,0.05,0.05,0,0,-0.02
"<DM>You sit by a roaring campfire, surrounded by a small group of travelers sharing stories and laughter. The warmth is comforting after a long day of travel.</DM>
<Player>I join in on the conversation, sharing a tale of my own adventures.</Player>
<DM>The group responds with smiles and cheers, and you feel more connected to those around you.</DM>",0,0,0,0,0,0.05,0.02
"<DM>While exploring an abandoned crypt, you stumble upon a puzzle inscribed on a stone tablet. Strange symbols and riddles cover the surface.</DM>
<Player>I take my time to study the symbols, trying to decipher their meaning.</Player>
<DM>After some thought, you piece together the solution, unlocking a hidden passage. Your mental acuity sharpens with each puzzle solved.</DM>",0,0,0,0,0.05,0,0
"<DM>Crossing a rickety rope bridge high above a raging river, you feel the boards creak underfoot. The wind howls around you, threatening to unbalance your every step.</DM>
<Player>I keep low and maintain a steady pace, focusing on my footing.</Player>
<DM>You successfully cross, though the tension and physical strain leave you feeling a bit drained.</DM>",0,0,0.03,0,0,0,-0.03
"<DM>In a quiet temple, you meditate beneath the gaze of an ancient statue. The incense fills the air, calming your mind and slowing your breath.</DM>
<Player>I close my eyes and center myself, focusing inward to find balance.</Player>
<DM>The tranquility restores your spirit and sharpens your awareness.</DM>",0,0,0,0.05,0.03,0,0.02
"<DM>A sudden landslide traps you beneath a pile of debris. Dust clouds the air as you struggle to free yourself from the heavy rocks.</DM>
<Player>I push with all my might, trying to dislodge the stones pinning me down.</Player>
<DM>With sheer determination, you break free, but the effort leaves your muscles aching.</DM>",-0.03,0.05,0,0,0,0,-0.02
"<DM>You find a traveling merchant who offers you a mysterious potion in exchange for a small favor. The merchant’s grin is unsettling.</DM>
<Player>I accept the potion and drink it cautiously, prepared for the unexpected.</Player>
<DM>The potion revitalizes you, but you feel slightly disoriented as strange visions cloud your thoughts.</DM>",0.05,0,0,-0.03,0.02,0,0
"<DM>Walking through the misty moors, you encounter a wounded traveler calling for help. His voice trembles with fear.</DM>
<Player>I approach him carefully, offering assistance while keeping an eye on my surroundings.</Player>
<DM>Your compassion bolsters your confidence, though helping the traveler slows your pace and leaves you somewhat fatigued.</DM>",0,0,0,0.05,0,0.05,-0.02
"<DM>As you practice sword drills in a quiet clearing, your arms begin to tire, but your form improves with each swing.</DM>
<Player>I push through the fatigue and continue training, determined to perfect my technique.</Player>
<DM>Your strength and stamina gradually increase, but not without some soreness setting in.</DM>",0,0.03,0,0,0,0,0.03
"<DM>While reading an old tome in a dusty library, you come across forbidden knowledge that shakes your understanding of the world.</DM>
<Player>I continue reading, determined to unlock the secrets within despite the growing unease.</Player>
<DM>The knowledge expands your mind but leaves a lingering sense of dread and mental exhaustion.</DM>",0,0,0,0,0.05,-0.02,-0.01